key,key:project,key:user-story
project-user-story-01,project-01,user-story-01
project-user-story-02,project-01,user-story-02
project-user-story-03,project-01,user-story-03
project-user-story-04,project-02,user-story-01
project-user-story-05,project-02,user-story-02
project-user-story-06,project-02,user-story-03
project-user-story-07,project-03,user-story-01
project-user-story-08,project-03,user-story-02
project-user-story-09,project-03,user-story-05
project-user-story-10,project-03,user-story-06
project-user-story-11,project-04,user-story-08
project-user-story-12,project-04,user-story-09
project-user-story-13,project-05,user-story-01
project-user-story-14,project-05,user-story-04
project-user-story-15,project-06,user-story-10
project-user-story-16,project-07,user-story-11
project-user-story-17,project-08,user-story-12
project-user-story-18,project-09,user-story-13
project-user-story-19,project-10,user-story-14
project-user-story-20,project-11,user-story-15
project-user-story-21,project-12,user-story-16
project-user-story-22,project-13,user-story-17
project-user-story-23,project-14,user-story-18
project-user-story-24,project-15,user-story-19
project-user-story-25,project-16,user-story-20
project-user-story-26,project-17,user-story-21
project-user-story-27,project-18,user-story-22
project-user-story-28,project-19,user-story-23
project-user-story-29,project-20,user-story-24
project-user-story-30,project-21,user-story-25
project-user-story-31,project-22,user-story-26
project-user-story-32,project-23,user-story-27
project-user-story-33,project-24,user-story-28
project-user-story-34,project-25,user-story-29
project-user-story-35,project-26,user-story-30
project-user-story-36,project-27,user-story-31
project-user-story-37,project-28,user-story-32
project-user-story-38,project-05,user-story-07
project-user-story-39,project-05,user-story-33
project-user-story-40,project-05,user-story-34
project-user-story-41,project-05,user-story-35
project-user-story-42,project-05,user-story-36
project-user-story-43,project-05,user-story-37
project-user-story-44,project-05,user-story-38
project-user-story-45,project-05,user-story-39
project-user-story-46,project-05,user-story-40
project-user-story-47,project-22.1,user-story-22.1
project-user-story-48,project-23.1,user-story-22.2
project-user-story-49,project-23.2,user-story-22.3
project-user-story-50,project-28.1,user-story-41
project-user-story-51,project-28.2,user-story-42
project-user-story-52,project-28.3,user-story-43
project-user-story-53,project-28.4,user-story-44