key,enabled,identity,password,username
user-account-consumer-01,true,"UserIdentity{name: 'Peter', surname: 'Consumer', email: 'peter@acme.com'}",consumer1,consumer1
user-account-consumer-02,true,"UserIdentity{name: 'Mary', surname: '貸んい建濯よ芝弾テソ Λορεμ ιπσθμ', email: 'mary@acme.com'}",consumer2,consumer2
user-account-provider-01,true,"UserIdentity{name: 'Laurel', surname: 'Provider', email: 'laurel@acme.com'}",provider1,provider1
user-account-provider-02,true,"UserIdentity{name: 'Martina', surname: 'коза თხა', email: 'martina@acme.com'}",provider2,provider2
user-account-manager-01,true,"UserIdentity{name: 'Manager1', surname: 'Manager', email: 'manager1@acme.com'}",manager1,manager1
user-account-manager-02,true,"UserIdentity{name: 'Manager2', surname: 'etsii', email: 'manager2@acme.com'}",manager2,manager2
user-account-developer-01,true,"UserIdentity{name: 'Jose', surname: 'Developer', email: 'josedeveloper@acme.com'}",developer1,developer1
user-account-developer-02,true,"UserIdentity{name: 'Ramon', surname: 'Banos', email: 'developer@acme.com'}",developer2,developer2
user-account-auditor-01,true,"UserIdentity{name: 'Javier', surname: 'Auditor', email: 'javiauditor@acme.com'}",auditor1,auditor1
user-account-auditor-02,true,"UserIdentity{name: 'Ramirez', surname: 'Auditer', email: 'ramiauditor@acme.com'}",auditor2,auditor2
user-account-administrator-02,true,"UserIdentity{name: 'Administrator1', surname: 'Acme', email: 'administrator1@acme.com'}",administrator1,administrator1
user-account-administrator-03,true,"UserIdentity{name: 'Administrator2', surname: 'Acme', email: 'administrator2@acme.com'}",administrator2,administrator2
user-account-client-01,true,"UserIdentity{name: 'Ruben', surname: 'Perez', email: 'client1email@example.com'}",client1,client1
user-account-client-02,true,"UserIdentity{name: 'Paco', surname: 'Garrido', email: 'client2@imgco.com'}",client2,client2
user-account-sponsor-01,true,"UserIdentity{name: 'Manuel', surname: 'Palacios', email: 'sponsor1@acme.com'}",sponsor1,sponsor1
user-account-sponsor-02,true,"UserIdentity{name: 'Joaquin', surname: 'Pineda', email: 'sponsor2@acme.com'}",sponsor2,sponsor2